Y\X,1, 2, 3, 4, 5, 6, 7, 8, 9, 10, 11, 12, 13, 14, 15, 16, 17, 18, 19, 20, 21, 22, 23, 24, 25, 26, 27, 28, 29, 30, 31, 32, 33, 34, 35, 36, 37, 38, 39, 40, 41, 42, 43, 44, 45, 46, 47, 48, 49, 50, 51, 52, 53, 54, 55, 56, 57, 58, 59, 60, 61, 62, 63, 64, 65, 66, 67, 68, 69, 70, 71, 72, 73, 74, 75, 76, 77, 78, 79, 80, 
-30, 88.2081, 86.4169, 84.6275, 82.8405, 81.0569, 79.2774, 77.5028, 76.1802, 74.4174, 72.6619, 71.359, 69.6196, 68.3329, 66.6125, 65.3446, 64.0866, 62.8389, 61.6023, 60.3772, 59.1644, 57.9644, 56.7777, 55.6052, 54.877, 53.7329, 53.0307, 51.9176, 51.2436, 50.5832, 49.9371, 48.8923, 48.2793, 47.6823, 47.102, 46.539, 45.9941, 45.4678, 45.3501, 44.8594, 44.3896, 43.9415, 43.8857, 43.4786, 43.096, 43.0905, 42.7535, 42.7818, 42.4936, 42.5574, 42.3214, 42.4226, 42.2423, 42.3826, 42.2618, 42.4429, 42.6397, 42.6089, 42.8483, 42.8858, 43.1691, 43.4682, 43.6064, 43.9501, 44.3091, 44.5522, 44.9551, 45.2761, 45.722, 46.181, 46.6086, 47.1073, 47.6115, 48.1465, 48.7243, 49.2914, 49.9381, 50.5319, 51.2408, 51.8552, 52.6179
-29, 88.1984, 86.3976, 84.5984, 82.8019, 81.0086, 79.2196, 77.4355, 75.6572, 73.8856, 72.1212, 70.365, 69.0642, 67.3258, 66.0427, 64.325, 63.0622, 61.81, 60.5689, 59.3396, 58.1225, 56.9184, 55.7278, 54.9853, 53.8222, 52.6744, 51.9714, 50.8549, 50.1803, 49.5197, 48.8734, 47.8255, 47.2125, 46.6158, 46.0359, 45.4735, 44.9293, 44.8004, 44.2909, 43.8017, 43.3337, 43.2657, 42.8378, 42.4335, 42.4152, 42.0557, 42.0709, 41.7591, 41.4762, 41.5491, 41.6368, 41.431, 41.5578, 41.4107, 41.5784, 41.4939, 41.7044, 41.9312, 41.9413, 42.2127, 42.5005, 42.6118, 42.9452, 43.1328, 43.5124, 43.9076, 44.2046, 44.6448, 45.0994, 45.5066, 46.0035, 46.4907, 47.0269, 47.5735, 48.1635, 48.7432, 49.4039, 50.0113, 50.736, 51.5014, 52.1446
-28, 87.7361, 85.9259, 84.1174, 82.3116, 80.5093, 78.7112, 76.9183, 75.1312, 73.3509, 71.578, 69.8134, 68.0578, 66.7601, 65.024, 63.7457, 62.4773, 60.7752, 59.5299, 58.2964, 57.0754, 55.8674, 54.673, 53.9295, 52.7628, 51.6115, 50.9079, 50.2172, 49.1131, 48.4521, 47.8057, 47.1743, 46.1419, 45.5455, 44.966, 44.4042, 44.2641, 43.7361, 43.2279, 42.7402, 42.274, 42.2114, 41.7859, 41.3845, 41.3727, 41.0168, 41.0394, 40.7323, 40.7912, 40.5365, 40.6338, 40.4353, 40.5729, 40.7266, 40.6147, 40.8113, 40.7653, 41.0067, 41.2651, 41.3188, 41.6237, 41.9456, 42.1055, 42.4749, 42.8609, 43.132, 43.5649, 44.0132, 44.3978, 44.891, 45.3585, 45.8941, 46.4414, 47.0176, 47.6015, 48.2533, 48.8685, 49.5897, 50.2299, 51.0122, 51.8333
-27, 87.7245, 85.905, 84.0873, 81.8176, 80.0064, 78.1995, 76.3979, 74.6023, 72.8136, 71.0325, 69.2597, 67.4961, 65.7424, 64.449, 62.7164, 61.4438, 59.735, 58.4857, 57.2483, 56.0235, 54.8118, 53.6138, 52.8695, 51.6993, 50.5448, 49.8406, 48.7175, 48.0422, 47.3811, 46.7345, 45.6809, 45.0681, 44.472, 43.893, 43.3318, 43.1956, 42.6686, 42.1617, 41.6755, 41.6002, 41.1538, 40.7307, 40.7054, 40.3267, 40.3354, 40.0043, 39.7019, 39.7692, 39.8518, 39.627, 39.7499, 39.5843, 39.7495, 39.9315, 39.857, 40.084, 40.3284, 40.353, 40.6446, 40.9538, 41.0848, 41.4426, 41.8177, 42.0612, 42.4851, 42.9254, 43.2851, 43.7727, 44.2179, 44.7509, 45.2969, 45.8565, 46.4426, 47.0825, 47.7037, 48.4184, 49.0685, 49.8504, 50.5221, 51.3612
-26, 87.7131, 85.8846, 83.6007, 81.7769, 79.5, 77.6846, 75.8746, 73.615, 71.8186, 70.03, 68.25, 66.4793, 65.1715, 63.4209, 61.6816, 60.405, 58.6898, 57.4367, 56.1957, 54.9673, 53.7521, 52.5508, 51.8057, 50.6323, 49.4746, 48.77, 47.6439, 46.9684, 46.307, 45.6604, 44.6042, 43.9916, 43.3958, 42.8173, 42.2568, 42.1243, 41.5984, 41.0927, 40.6081, 40.5377, 40.0933, 39.6727, 39.6532, 39.2778, 39.2931, 38.9662, 39.0185, 38.7439, 38.8354, 38.6171, 38.75, 38.8998, 38.7692, 38.9633, 39.1752, 39.1406, 39.3996, 39.6768, 39.7466, 40.0731, 40.4179, 40.5997, 40.9951, 41.4083, 41.708, 42.1715, 42.6516, 43.0721, 43.6004, 44.1431, 44.683, 45.2693, 45.8941, 46.5193, 47.1533, 47.8825, 48.5465, 49.3448, 50.1867, 50.8884
-25, 87.702, 85.4051, 83.5697, 81.278, 79.4494, 77.1667, 75.3485, 73.0787, 71.2744, 69.4781, 67.6905, 65.9124, 64.1444, 62.3873, 60.6418, 59.3613, 57.6401, 56.3834, 55.139, 53.9072, 52.6888, 51.4843, 50.2943, 49.5622, 48.4016, 47.6966, 46.5678, 45.892, 45.2306, 44.1537, 43.5252, 42.9129, 42.3175, 41.7395, 41.1796, 41.0508, 40.526, 40.0217, 39.5385, 39.4728, 39.0306, 38.6123, 38.5987, 38.2264, 38.2484, 37.9256, 37.9855, 37.7161, 37.8162, 37.9331, 37.7474, 37.9078, 38.086, 37.9926, 38.2174, 38.4606, 38.4686, 38.7613, 39.0729, 39.191, 39.5543, 39.9365, 40.3373, 40.6072, 41.0602, 41.531, 41.9243, 42.4458, 42.9831, 43.5005, 44.0847, 44.6911, 45.3182, 45.9558, 46.6744, 47.3462, 48.1401, 48.8387, 49.6982, 50.5988
-24, 87.6912, 85.3835, 83.0779, 80.7756, 78.9388, 76.6459, 74.3592, 72.5401, 70.2685, 68.4653, 66.671, 64.8864, 63.1121, 61.3488, 59.5973, 58.3133, 56.5863, 55.3264, 54.0787, 52.8438, 51.6224, 50.415, 49.2221, 48.0444, 47.3262, 46.1793, 45.4895, 44.8136, 43.7168, 43.0728, 42.4446, 41.8326, 41.2375, 40.66, 40.1009, 39.5609, 39.452, 38.9489, 38.4673, 38.4062, 37.9661, 37.5502, 37.5423, 37.1731, 37.2017, 36.8829, 36.9503, 37.0342, 36.7949, 36.9211, 36.7426, 36.9137, 37.1032, 37.3112, 37.2575, 37.5146, 37.7909, 37.8443, 38.1726, 38.5206, 38.8882, 39.0921, 39.5137, 39.9544, 40.2832, 40.7779, 41.2905, 41.748, 42.3122, 42.8922, 43.477, 44.1036, 44.7424, 45.447, 46.1244, 46.9104, 47.6192, 48.4777, 49.2094, 50.1287
-23, 87.6806, 85.3623, 83.0463, 80.7335, 78.4252, 76.1224, 73.8259, 71.537, 69.7183, 67.4466, 65.6459, 63.8551, 62.0749, 60.3058, 58.5486, 57.2613, 55.529, 54.2659, 52.5609, 51.3244, 50.1015, 48.8926, 48.1477, 46.9674, 45.803, 45.0995, 44.4096, 43.2936, 42.6346, 41.9907, 41.3626, 40.751, 40.1564, 39.5795, 39.0211, 38.482, 37.963, 37.875, 37.395, 36.9376, 36.9003, 36.4869, 36.4845, 36.1185, 36.1535, 36.2045, 35.9136, 36.0055, 35.772, 35.9074, 36.061, 35.9179, 36.1187, 36.3388, 36.2961, 36.5671, 36.8582, 37.1695, 37.2714, 37.6373, 38.0236, 38.4303, 38.6908, 39.1537, 39.6362, 40.1378, 40.5658, 41.1219, 41.6952, 42.2553, 42.8789, 43.5166, 44.2035, 44.8841, 45.6586, 46.3754, 47.2293, 47.9738, 48.896, 49.6586
-22, 87.2043, 84.8758, 82.5496, 80.2269, 77.9088, 75.1312, 73.2905, 70.9923, 68.7026, 66.4225, 64.6158, 62.8191, 61.0332, 59.2587, 57.4962, 55.7464, 54.4685, 52.745, 51.4928, 50.2537, 49.0281, 47.8168, 46.6202, 45.4388, 44.7221, 43.5719, 42.8841, 42.2104, 41.5514, 40.4696, 39.8444, 39.2358, 38.6445, 38.4984, 37.9408, 37.4026, 36.8847, 36.8006, 36.322, 35.8664, 35.8339, 35.4228, 35.4259, 35.063, 35.1043, 35.1623, 34.8759, 34.9756, 34.7479, 34.8925, 35.0558, 35.2383, 35.1331, 35.3653, 35.6177, 35.6187, 35.9247, 36.2519, 36.6002, 36.9695, 37.1594, 37.5862, 38.034, 38.5025, 38.8611, 39.3874, 39.933, 40.4286, 41.0297, 41.6479, 42.2818, 42.9475, 43.6288, 44.3879, 45.1102, 45.8407, 46.7107, 47.4701, 48.4104, 49.3945
-21, 87.1922, 84.8536, 82.0497, 79.7173, 76.9223, 74.6007, 72.2861, 69.9794, 67.6815, 65.3933, 63.5809, 61.3142, 59.5237, 57.7447, 55.978, 54.6859, 52.9446, 51.6773, 49.9638, 48.7234, 47.4968, 46.2844, 45.0868, 44.3573, 43.1898, 42.4882, 41.3531, 40.6817, 40.0252, 39.3842, 38.7593, 38.1511, 37.5603, 36.9877, 36.4339, 36.3231, 35.8063, 35.3109, 35.249, 34.7952, 34.7673, 34.3585, 34.3671, 34.0072, 34.0548, 34.1194, 33.8376, 33.9452, 34.0712, 33.8769, 34.05, 34.243, 34.1468, 34.3912, 34.6566, 34.9434, 35.2515, 35.3342, 35.6994, 36.0868, 36.4961, 36.7435, 37.2128, 37.7039, 38.2163, 38.6408, 39.2127, 39.8042, 40.4143, 41.0188, 41.6829, 42.3622, 43.1019, 43.8271, 44.5626, 45.4231, 46.1928, 47.1316, 47.9255, 48.9288
-20, 87.1804, 84.3622, 81.5467, 79.2049, 76.3986, 74.0681, 71.2759, 68.9611, 66.6553, 64.3596, 62.5418, 60.268, 58.4725, 56.6889, 54.9176, 53.1592, 51.4144, 50.1459, 48.8901, 47.1876, 45.9601, 45.2044, 44.0049, 42.8208, 42.1058, 40.9531, 40.2674, 39.5961, 38.4944, 37.856, 37.2339, 36.6287, 36.4766, 35.9046, 35.3517, 34.8186, 34.7284, 34.2343, 33.7627, 33.7243, 33.2968, 33.2946, 33.3084, 32.9517, 33.0054, 32.7027, 32.7994, 32.9147, 33.049, 32.8612, 33.0441, 33.2475, 33.4717, 33.417, 33.6955, 33.9962, 34.3192, 34.6647, 34.7995, 35.2051, 35.6338, 36.0853, 36.5595, 36.9084, 37.445, 38.0033, 38.5826, 39.1174, 39.7563, 40.4137, 41.0881, 41.8045, 42.5297, 43.3455, 44.1143, 44.8917, 45.8247, 46.6319, 47.6381, 48.6894
-19, 86.697, 83.8674, 81.5123, 78.6897, 75.8727, 73.0625, 70.2603, 67.9377, 65.6245, 63.3216, 61.0298, 58.7498, 56.9505, 55.1631, 53.3883, 51.6267, 49.8786, 48.6091, 47.3525, 45.6471, 44.4189, 43.6648, 42.4647, 41.2801, 40.5672, 39.414, 38.7305, 38.0616, 37.4078, 36.7697, 36.148, 35.5433, 34.9564, 34.3879, 34.2705, 33.7384, 33.2272, 33.1587, 32.6886, 32.6544, 32.229, 32.2315, 31.8546, 31.8968, 31.9566, 31.6579, 31.7617, 31.8847, 32.0272, 31.846, 32.0385, 32.2524, 32.4878, 32.7452, 32.7349, 33.0497, 33.3877, 33.7493, 34.1344, 34.325, 34.7734, 35.2458, 35.7419, 36.2615, 36.8039, 37.2624, 37.8687, 38.4963, 39.144, 39.7943, 40.5002, 41.2223, 42.0169, 42.7881, 43.5703, 44.4931, 45.311, 46.3157, 47.1582, 48.2294
-18, 86.6839, 83.8431, 81.0054, 77.6987, 74.8714, 72.0513, 69.2395, 66.9096, 64.1174, 61.8083, 59.5105, 57.6954, 55.422, 53.6314, 51.8536, 50.089, 48.3381, 47.0679, 45.8106, 44.1026, 42.8739, 42.1215, 40.9211, 39.7362, 39.0252, 37.8718, 37.1905, 36.5239, 35.8726, 35.2371, 34.6182, 34.0165, 33.4327, 33.3053, 32.757, 32.2289, 32.1496, 31.6616, 31.6161, 31.1717, 31.1625, 31.1697, 30.7956, 30.8433, 30.909, 30.6143, 30.7251, 30.8556, 31.0064, 30.8317, 31.0339, 31.2581, 31.5048, 31.7743, 32.0669, 32.1044, 32.4576, 32.8354, 33.2378, 33.6649, 34.1167, 34.4093, 34.9279, 35.4712, 36.0385, 36.6293, 37.2428, 37.818, 38.4956, 39.1931, 39.9232, 40.6784, 41.4488, 42.2326, 43.1405, 43.9662, 44.9649, 45.8214, 46.896, 47.7707
-17, 86.6711, 83.344, 80.0202, 77.1768, 73.8644, 71.0348, 68.214, 65.403, 63.0767, 60.2879, 57.9847, 56.1663, 53.888, 52.0946, 50.314, 48.5468, 46.7936, 45.5229, 43.798, 42.555, 41.326, 40.1114, 39.3748, 38.1897, 37.4807, 36.3273, 35.6481, 34.9838, 34.3349, 33.7021, 33.0859, 32.4872, 32.3496, 31.7853, 31.2406, 31.1502, 30.6446, 30.5874, 30.1242, 30.1029, 30.0979, 29.7033, 29.7383, 29.7914, 29.4746, 29.5724, 29.69, 29.828, 29.987, 29.8188, 30.0307, 30.2653, 30.5232, 30.8049, 31.1105, 31.4406, 31.5294, 31.9236, 32.3436, 32.7895, 33.2612, 33.7587, 34.2817, 34.6857, 35.2785, 35.896, 36.5374, 37.2018, 37.8566, 38.5859, 39.3345, 40.1008, 40.9525, 41.7712, 42.6015, 43.5891, 44.4568, 45.5302, 46.4226, 47.5641
-16, 86.1814, 82.8419, 79.5062, 76.1757, 73.329, 70.0136, 67.1842, 64.365, 61.5571, 58.7612, 56.4531, 54.1576, 52.3492, 50.0801, 48.298, 46.5294, 45.2458, 43.5048, 42.2481, 41.0049, 39.7758, 38.5613, 37.3617, 36.6414, 35.9345, 34.7811, 34.1042, 33.4422, 32.7957, 32.1654, 31.552, 31.4041, 30.8242, 30.2633, 30.1616, 29.6386, 29.5696, 29.0877, 29.054, 29.0365, 28.6215, 28.6435, 28.6834, 28.3444, 28.4285, 28.5325, 28.657, 28.8025, 28.6098, 28.8081, 29.0295, 29.2745, 29.5437, 29.8374, 30.1562, 30.5004, 30.8704, 31.0146, 31.4525, 31.9174, 32.4095, 32.9286, 33.4745, 34.0468, 34.6452, 35.1699, 35.84, 36.5343, 37.2514, 37.9901, 38.7723, 39.5729, 40.3899, 41.3264, 42.1927, 43.0683, 44.1353, 45.0426, 46.1883, 47.3814
-15, 86.1675, 82.3371, 78.9897, 75.6479, 71.8349, 68.5095, 65.6724, 62.8459, 60.0312, 57.2289, 54.9164, 52.6169, 50.3307, 48.5335, 46.7495, 44.9792, 43.2228, 41.9529, 40.2251, 38.9831, 37.7551, 37.0099, 35.8105, 35.0922, 33.9234, 33.2341, 32.5594, 31.8997, 31.2556, 30.6279, 30.0171, 29.8745, 29.2976, 29.1847, 28.6446, 28.5636, 28.0635, 28.0171, 27.5606, 27.5517, 27.5602, 27.5865, 27.2254, 27.2954, 27.3852, 27.4954, 27.6267, 27.409, 27.5927, 27.7998, 28.0308, 28.2862, 28.5667, 28.8727, 29.2047, 29.5631, 29.9484, 30.3609, 30.8008, 31.0493, 31.5621, 32.1033, 32.6727, 33.2699, 33.8944, 34.5456, 35.2227, 35.8765, 36.6256, 37.3973, 38.1899, 39.0015, 39.9128, 40.7804, 41.6603, 42.7154, 43.6344, 44.779, 45.7227, 46.9368
-14, 85.6733, 81.8296, 77.9904, 74.6379, 70.813, 67.478, 64.1537, 60.8411, 58.0206, 55.2129, 52.8972, 50.5946, 48.3056, 46.5076, 44.7228, 42.9517, 41.1947, 39.9261, 38.6707, 37.429, 36.2013, 34.9882, 34.2589, 33.0753, 32.3741, 31.687, 31.0145, 30.3571, 29.7154, 29.0902, 28.482, 28.3445, 27.7706, 27.6634, 27.1268, 27.0523, 26.5564, 26.5174, 26.495, 26.4897, 26.0831, 26.1193, 26.1746, 26.2496, 26.345, 26.4614, 26.2186, 26.387, 26.5788, 26.7946, 27.0352, 27.301, 27.5928, 27.911, 28.2564, 28.6292, 29.0301, 29.4593, 29.9171, 30.4038, 30.9195, 31.4641, 31.8771, 32.4997, 33.1512, 33.8307, 34.5373, 35.2701, 36.0277, 36.8174, 37.6449, 38.4923, 39.3573, 40.3579, 41.2752, 42.2022, 43.3402, 44.2997, 45.5189, 46.7864
-13, 85.6586, 81.3196, 77.4679, 73.1409, 69.305, 65.9613, 62.1473, 59.3088, 56.0019, 53.1896, 50.8712, 48.5662, 46.275, 44.4765, 42.2134, 40.92, 39.1626, 37.8954, 36.6415, 35.4012, 34.1749, 32.9632, 32.2373, 31.5246, 30.3574, 29.674, 29.0052, 28.815, 28.1758, 27.553, 26.9474, 26.8148, 26.2439, 26.1422, 25.6091, 25.5409, 25.4885, 25.4525, 25.0026, 25.0057, 25.0272, 25.0675, 25.1275, 24.8033, 24.911, 25.0406, 25.193, 25.3687, 25.5685, 25.7931, 26.0431, 26.3194, 26.6225, 26.9532, 27.3119, 27.6993, 28.1159, 28.5621, 29.0383, 29.5447, 30.0814, 30.6485, 31.2457, 31.8729, 32.5296, 33.125, 33.8623, 34.6269, 35.4176, 36.2327, 37.0704, 37.9995, 38.9019, 39.8199, 40.911, 41.8762, 42.8479, 44.0665, 45.341, 46.3516
-12, 85.1602, 80.8073, 75.9759, 72.1199, 67.79, 63.9549, 60.1324, 56.8062, 53.9763, 51.1601, 48.3579, 46.0516, 43.7592, 41.9614, 40.1769, 38.4061, 37.1277, 35.3845, 34.133, 33.371, 32.1462, 30.9359, 30.2134, 29.5041, 28.8086, 28.1272, 27.4606, 26.8093, 26.174, 26.017, 25.414, 25.2861, 24.7182, 24.6218, 24.5405, 24.03, 23.9842, 23.9552, 23.9437, 23.5216, 23.552, 23.6019, 23.6723, 23.7637, 23.8769, 24.0126, 24.1715, 24.3545, 24.5623, 24.7956, 25.0553, 25.342, 25.6565, 25.9996, 26.3719, 26.774, 27.2066, 27.6701, 28.1649, 28.6913, 29.2496, 29.8397, 30.4615, 31.1148, 31.7991, 32.5136, 33.2575, 33.9961, 34.821, 35.6714, 36.5454, 37.4408, 38.4657, 39.4225, 40.3924, 41.5736, 42.5839, 43.8592, 44.8921, 46.2361
-11, 84.6592, 79.8072, 74.9614, 70.1243, 65.7835, 61.94, 58.1098, 54.7781, 51.4607, 48.6418, 45.8372, 43.5302, 41.2371, 39.4403, 37.6568, 35.8869, 34.611, 33.3481, 32.0982, 30.8619, 30.1163, 28.9074, 28.1882, 27.4822, 26.79, 26.1121, 25.449, 25.2688, 24.6358, 24.0195, 23.8825, 23.7592, 23.1941, 23.1029, 23.0272, 22.5203, 22.4809, 22.4589, 22.4549, 22.4695, 22.5036, 22.5576, 22.6325, 22.7288, 22.8474, 22.9891, 23.1547, 23.3449, 23.5607, 23.8028, 24.072, 24.3693, 24.6953, 25.0509, 25.4369, 25.854, 26.3027, 26.7838, 27.2976, 27.8445, 28.4248, 29.0385, 29.6856, 30.3658, 31.0785, 31.823, 32.5984, 33.4035, 34.2367, 35.126, 36.0376, 36.9712, 37.9244, 39.0469, 40.0567, 41.0762, 42.3457, 43.397, 44.7494, 45.8126
-10, 84.1556, 78.802, 73.4555, 68.6059, 63.7683, 59.431, 55.5945, 51.7727, 48.9376, 45.6315, 43.3106, 41.0035, 38.7103, 36.9148, 35.1326, 33.3638, 32.0907, 30.8303, 29.5829, 28.8285, 27.6076, 26.8787, 26.1626, 25.4599, 24.7709, 24.0962, 23.9077, 23.2621, 23.1003, 22.4863, 22.3534, 21.7737, 21.6723, 21.5861, 21.5158, 21.0125, 20.9793, 20.9641, 20.9674, 20.99, 21.0327, 21.0962, 21.1812, 21.2887, 21.4195, 21.5744, 21.7544, 21.9603, 22.1931, 22.815, 23.0939, 23.4017, 23.7394, 24.1077, 24.5076, 24.9398, 25.405, 25.904, 26.4371, 27.005, 27.6079, 28.2458, 28.9189, 29.6267, 30.3687, 31.1443, 31.9523, 32.7915, 33.6601, 34.5564, 35.4782, 36.5216, 37.5149, 38.525, 39.5488, 40.8056, 41.8711, 43.2251, 44.3122, 45.7347
-9, 83.6495, 77.3035, 71.9428, 66.5933, 61.2574, 56.9127, 52.5834, 49.2449, 45.9215, 42.6133, 40.2933, 37.9871, 35.6947, 33.9014, 32.6059, 30.8384, 29.568, 28.3102, 27.5472, 26.3149, 25.5766, 24.8508, 24.1377, 23.438, 22.7521, 22.0805, 21.8972, 21.255, 21.0989, 20.9562, 20.3621, 20.2502, 20.1533, 20.072, 20.007, 19.9587, 19.4801, 19.4714, 19.4819, 19.5124, 19.5636, 20.0613, 20.1508, 20.2632, 20.3993, 20.5602, 20.7468, 20.96, 21.2009, 21.4704, 21.7697, 22.44, 22.7894, 23.1706, 23.5845, 24.0321, 24.5141, 25.0313, 25.5842, 26.1736, 26.7996, 27.4625, 28.1622, 28.8985, 29.6709, 30.4785, 31.3202, 32.1946, 33.1, 34.0343, 34.995, 35.9796, 37.128, 38.1797, 39.2449, 40.5621, 41.6682, 43.0826, 44.2075, 45.6874
-8, 82.6512, 75.7977, 69.444, 63.5934, 58.2477, 53.4079, 49.5632, 45.7343, 42.41, 39.5893, 36.7828, 34.9661, 32.6748, 30.8839, 29.5921, 28.3122, 27.0444, 25.7891, 25.0302, 23.8, 23.0656, 22.3435, 21.6344, 21.4175, 20.7345, 20.0659, 19.8875, 19.7217, 19.0978, 18.9609, 18.8382, 18.7303, 18.6378, 18.5612, 18.5013, 18.4586, 18.4339, 18.4278, 18.4412, 18.4749, 18.5296, 18.6064, 18.706, 18.8294, 18.9777, 19.1518, 19.7453, 19.9658, 20.2148, 20.4933, 20.8025, 21.1435, 21.8459, 22.2401, 22.6683, 23.1315, 23.6306, 24.1664, 24.7396, 25.351, 26.1908, 26.8564, 27.5595, 28.2999, 29.077, 29.8902, 30.7384, 31.6201, 32.5578, 33.5314, 34.5325, 35.5582, 36.6053, 37.6702, 38.9676, 40.0845, 41.4948, 42.6415, 44.134, 45.2863
-7, 81.6479, 74.2851, 66.9342, 60.5814, 54.7369, 49.892, 45.555, 41.7252, 38.4012, 36.0719, 33.2665, 31.4534, 29.6525, 27.8641, 26.5759, 25.2994, 24.0348, 23.2684, 22.0279, 21.2851, 20.5542, 20.3185, 19.6119, 18.9187, 18.719, 18.053, 17.8793, 17.7185, 17.5711, 17.4376, 16.8493, 16.7477, 16.662, 16.5927, 16.5407, 16.5066, 16.9432, 16.9436, 16.964, 17.0053, 17.0684, 17.1543, 17.264, 17.8152, 17.9689, 18.1491, 18.3568, 18.5934, 19.2354, 19.523, 19.8422, 20.1942, 20.5803, 21.3168, 21.7595, 22.2387, 22.7552, 23.3101, 23.9041, 24.7472, 25.3991, 26.0903, 26.8208, 27.5905, 28.3989, 29.2453, 30.1284, 31.0467, 31.9984, 32.9813, 33.9926, 35.1604, 36.2504, 37.3584, 38.7188, 39.8784, 41.0421, 42.5395, 44.0929, 45.2809
-6, 80.6399, 71.781, 63.4296, 56.5743, 50.7232, 45.3834, 41.0456, 37.708, 34.3854, 31.5685, 29.747, 27.4469, 26.1399, 24.3541, 23.0698, 22.2858, 21.024, 20.2618, 19.5108, 18.7712, 18.0435, 17.8128, 17.1094, 16.902, 16.7062, 16.0428, 15.8734, 15.7172, 15.5747, 15.4464, 15.3331, 15.2352, 15.1535, 15.0886, 15.0413, 15.0123, 15.4566, 15.4633, 15.4906, 15.5394, 15.6108, 16.1367, 16.2508, 16.3902, 16.5561, 17.1533, 17.3678, 17.6119, 17.8868, 18.5599, 18.8893, 19.2526, 19.651, 20.0861, 20.8589, 21.3543, 21.8887, 22.4631, 23.0785, 23.9419, 24.6182, 25.3358, 26.0946, 26.8947, 27.7355, 28.6162, 29.5355, 30.4918, 31.483, 32.5067, 33.56, 34.6396, 35.9222, 37.0745, 38.2404, 39.7034, 40.9093, 42.4703, 43.6891, 45.309
-5, 78.6396, 68.2785, 59.4181, 51.5672, 45.2191, 40.3715, 36.0348, 32.7004, 29.8731, 27.5516, 25.2422, 23.4368, 22.1346, 20.8429, 20.0529, 18.7826, 18.0136, 17.2551, 16.5076, 16.2595, 15.5346, 15.3083, 15.093, 14.405, 14.2143, 14.0359, 13.8705, 13.7186, 13.5806, 13.4573, 13.3492, 13.257, 13.6501, 13.5894, 13.5468, 13.5229, 13.9746, 13.9875, 14.0215, 14.0779, 14.5957, 14.6947, 14.8189, 15.3893, 15.5607, 15.7604, 15.9898, 16.638, 16.9214, 17.2378, 17.9443, 18.319, 18.7301, 19.1792, 19.967, 20.4791, 21.0317, 21.6262, 22.2635, 23.1477, 23.8491, 24.5939, 25.3821, 26.2136, 27.088, 28.0042, 28.9611, 29.9568, 30.989, 32.0551, 33.1518, 34.2756, 35.4225, 36.8203, 38.0311, 39.25, 40.8098, 42.0546, 43.6927, 45.3714
-4, 75.6396, 63.2765, 53.4138, 45.062, 39.2079, 34.3627, 30.5234, 27.193, 24.864, 22.5466, 20.7342, 19.4259, 18.1277, 17.3323, 16.5466, 15.7707, 15.0049, 14.2495, 13.9953, 13.2615, 13.0284, 12.8061, 12.5949, 12.3953, 12.2078, 12.033, 11.8713, 11.7232, 11.5895, 11.4707, 11.8429, 11.7541, 11.6822, 12.0958, 12.0576, 12.0387, 12.0399, 12.5166, 12.5574, 13.0661, 13.1494, 13.2575, 13.8199, 13.9754, 14.1592, 14.7792, 15.0156, 15.2838, 15.9642, 16.2902, 16.6519, 17.3941, 17.8182, 18.2815, 19.0845, 19.6136, 20.1851, 20.8002, 21.4601, 22.3654, 23.0928, 23.8657, 24.6843, 25.5484, 26.4575, 27.4108, 28.4066, 29.4432, 30.5181, 31.6281, 32.7699, 33.9394, 35.1322, 36.3437, 37.8545, 39.1181, 40.7453, 42.031, 43.7318, 45.4691
-3, 71.6337, 56.271, 44.9117, 37.0548, 31.2046, 26.8601, 23.5215, 21.1868, 19.3583, 17.5397, 16.226, 14.9217, 14.1213, 13.3301, 12.5481, 12.2691, 11.5062, 11.2462, 10.9959, 10.7556, 10.5258, 10.3068, 10.0992, 9.90339, 9.7199, 9.54926, 9.87626, 9.73186, 9.60203, 9.96661, 9.86639, 9.78274, 10.1891, 10.1389, 10.5743, 10.5602, 10.5668, 11.0513, 11.0988, 11.6168, 11.7083, 11.8255, 12.4002, 12.567, 13.1792, 13.399, 14.0497, 14.326, 14.6365, 15.3515, 15.7241, 16.1352, 16.9157, 17.3938, 17.9143, 18.7587, 19.3496, 19.9859, 20.6692, 21.5959, 22.3502, 23.1523, 24.0023, 24.9002, 25.904, 26.8627, 27.8649, 28.9088, 29.992, 31.1113, 32.4159, 33.6327, 34.8729, 36.1314, 37.4029, 39.0213, 40.3299, 42.0438, 43.8075, 45.1179
-2, 63.1334, 44.7681, 33.9056, 27.0488, 22.1992, 18.8548, 16.5156, 14.6829, 13.3559, 12.0374, 11.2238, 10.4184, 10.1175, 9.32904, 9.04497, 8.76957, 8.5032, 8.2462, 7.99897, 7.76188, 7.53537, 7.81127, 7.60666, 7.41402, 7.72238, 7.55448, 7.88597, 7.74488, 7.61861, 7.98911, 7.89326, 8.29136, 8.22852, 8.65608, 8.62907, 9.08799, 9.09987, 9.59205, 9.6461, 10.1734, 10.2731, 10.8374, 10.9864, 11.5893, 11.7915, 12.4343, 12.6934, 13.3772, 13.6969, 14.0536, 14.806, 15.2295, 16.0234, 16.5166, 17.0538, 17.9151, 18.5259, 19.1842, 19.8916, 20.8403, 21.6225, 22.4547, 23.3374, 24.3518, 25.3017, 26.2989, 27.3417, 28.4282, 29.5557, 30.7209, 31.9198, 33.148, 34.6465, 35.9533, 37.272, 38.9614, 40.3137, 42.0944, 43.9208, 45.2643
-1, 44.631, 26.7639, 18.4037, 14.5469, 11.6972, 9.85299, 8.51473, 7.68211, 6.85658, 6.53647, 6.22354, 5.91806, 5.62031, 5.33061, 5.04925, 5.27305, 5.00918, 4.75471, 5.00527, 4.77053, 5.04043, 4.82709, 5.11783, 5.41892, 5.24095, 5.56522, 5.41355, 5.76278, 5.63973, 6.01579, 6.40477, 6.32886, 6.74747, 6.70689, 7.15726, 7.62233, 7.63949, 8.13924, 8.19988, 8.73645, 8.8444, 9.4199, 10.012, 10.1956, 10.8289, 11.0695, 11.7455, 12.0474, 12.767, 13.1343, 13.5418, 14.3344, 14.814, 15.6506, 16.2051, 16.8075, 17.7149, 18.396, 19.1284, 20.0995, 20.9105, 21.7742, 22.691, 23.7323, 24.72, 25.7572, 26.8424, 27.9732, 29.1468, 30.3594, 31.6067, 32.884, 34.1857, 35.8112, 37.1779, 38.5487, 40.3361, 42.1839, 43.5707, 45.4478
0, -0.370722, -0.236496, -0.0971418, 0.0475376, 0.197733, 0.353661, 0.515518, 0.68354, 0.857936, 1.03895, 0.727601, 0.922817, 1.12542, 1.33568, 1.55386, 1.28235, 1.51772, 1.76195, 2.01532, 2.27815, 2.05545, 2.33903, 2.63313, 2.93808, 3.2542, 3.09145, 3.43251, 3.78592, 4.15202, 4.04705, 4.4419, 4.85065, 4.79606, 5.23673, 5.69251, 5.6951, 6.18611, 6.69336, 6.76061, 7.30637, 7.8693, 8.00934, 8.61384, 8.80907, 9.45728, 10.1235, 10.4063, 11.1181, 11.467, 12.2255, 12.6451, 13.4505, 13.9448, 14.7965, 15.3689, 15.9911, 16.9175, 17.6221, 18.3805, 19.3746, 20.2157, 21.1121, 22.1597, 23.1334, 24.1603, 25.2393, 26.3685, 27.5455, 28.767, 30.0289, 31.3265, 32.6542, 34.0063, 35.7073, 37.1228, 38.5401, 40.3985, 42.3135, 43.7358, 45.6689
1, -45.3704, -26.7354, -18.0946, -13.9503, -10.7989, -9.1431, -7.4802, -6.31148, -5.63677, -4.95505, -4.26617, -3.57005, -3.36671, -2.6553, -2.43581, -2.20775, -1.47174, -1.22589, -0.970547, -0.70536, -0.429972, -0.144018, 0.152865, 0.46106, 0.780949, 1.11292, 1.45735, 1.81463, 2.18515, 2.08323, 2.4836, 2.89861, 3.32865, 3.77407, 3.76149, 4.24243, 4.74011, 5.25483, 5.32873, 5.8837, 6.45685, 7.04829, 7.22332, 7.85925, 8.09383, 8.7766, 9.47856, 9.80764, 10.5584, 10.9592, 11.7599, 12.2373, 13.088, 13.6464, 14.5459, 15.1887, 16.1345, 16.8637, 17.649, 18.6667, 19.5391, 20.4697, 21.5445, 22.5565, 23.6243, 24.7469, 25.9221, 27.1472, 28.4186, 29.7316, 31.0811, 32.461, 33.8647, 35.2852, 37.1083, 38.5723, 40.5023, 42.4841, 43.9406, 45.9277
2, -63.367, -45.2328, -33.591, -26.4456, -21.2929, -18.1373, -15.4739, -13.3038, -11.6278, -10.4459, -9.25603, -8.56018, -7.35451, -6.64239, -6.4231, -5.69372, -4.95562, -4.70882, -3.95222, -3.68556, -2.90968, -2.62189, -2.32279, -2.01193, -1.68891, -1.35327, -0.511715, -0.150844, 0.223809, 0.612688, 1.01624, 0.951129, 1.38791, 1.84096, 2.3107, 2.79755, 3.3019, 3.82408, 3.9047, 4.46893, 5.05237, 5.65522, 5.84111, 6.49098, 7.16111, 7.85141, 8.15941, 8.90032, 9.28059, 10.0739, 10.8868, 11.3788, 12.2441, 12.8203, 13.737, 14.4012, 15.3669, 16.1216, 16.9351, 17.977, 18.8822, 19.8483, 20.9512, 22.0032, 23.1139, 24.2819, 25.5051, 26.7804, 28.1036, 29.4697, 30.8729, 32.3064, 33.763, 35.235, 37.1363, 38.647, 40.6488, 42.6964, 44.1853, 46.8282
3, -71.867, -56.2267, -45.0866, -36.4366, -30.787, -26.1279, -22.4626, -19.7931, -17.6168, -15.9345, -14.2431, -13.0462, -11.8405, -10.6261, -9.90558, -9.17589, -8.4368, -7.68817, -6.92983, -6.1617, -5.88363, -5.09457, -4.7938, -3.98298, -3.65809, -3.32021, -2.96884, -2.11032, -1.73183, -1.33852, -0.929884, -0.505409, -0.0645942, 0.393048, 0.868031, 1.3608, 1.87182, 2.40152, 2.95027, 3.06249, 3.65635, 4.27077, 4.90598, 5.56211, 5.81769, 6.52519, 7.25427, 7.61258, 8.39611, 9.20095, 9.67303, 10.5336, 11.0922, 12.0086, 12.9429, 13.6296, 14.3753, 15.397, 16.24, 17.3069, 18.2462, 19.2497, 20.3814, 21.4752, 22.6307, 23.8463, 25.1197, 26.3136, 27.6455, 29.0214, 30.4354, 32.1928, 33.7034, 35.2276, 37.2087, 38.7656, 40.8389, 42.951, 45.0749, 47.1845
4, -75.8611, -63.2203, -53.0788, -44.9312, -38.2756, -33.1157, -28.9496, -25.7796, -23.1022, -20.9187, -19.2295, -17.5303, -15.8213, -14.6074, -13.3839, -12.6549, -11.4121, -10.663, -9.90373, -9.1339, -8.35341, -7.56216, -7.26028, -6.44594, -6.11891, -5.28057, -4.92679, -4.55854, -3.68163, -3.28416, -2.87071, -2.4407, -1.99353, -1.04649, -0.566255, -0.067512, 0.450234, 0.987512, 1.54478, 1.66489, 2.26933, 2.89553, 3.54382, 4.21443, 4.90749, 5.20979, 5.95828, 6.7299, 7.52429, 7.97453, 8.82752, 9.70237, 10.2787, 11.2121, 11.884, 12.8747, 13.6464, 14.6911, 15.5649, 16.6575, 17.6327, 18.6753, 19.8368, 20.9744, 22.1768, 23.4423, 24.659, 25.9944, 27.3804, 28.8115, 30.281, 32.1225, 33.6881, 35.2651, 37.327, 38.9295, 41.0735, 43.2482, 45.4249, 46.9287
5, -78.8614, -68.2173, -59.0724, -50.9175, -44.766, -39.1009, -34.9372, -31.2644, -28.084, -25.9037, -23.7115, -21.5081, -19.8002, -18.0819, -16.8592, -15.6261, -14.8881, -13.6341, -12.8745, -11.5996, -10.8179, -10.0249, -9.72245, -8.90509, -8.07573, -7.73361, -6.87838, -6.50753, -5.62552, -5.22414, -4.31477, -3.88129, -3.43014, -2.96067, -2.47223, -1.96419, -0.962508, -0.417554, 0.148359, 0.735717, 1.34502, 1.53008, 2.19179, 2.87727, 3.58677, 4.32041, 5.07821, 5.86005, 6.28687, 7.12969, 7.9963, 8.55176, 9.48087, 10.4318, 11.1264, 12.1376, 12.9367, 14.005, 14.9112, 16.0304, 17.0432, 18.1269, 19.3191, 20.5028, 21.7544, 22.9892, 24.3219, 25.712, 27.1543, 28.6425, 30.1693, 31.7264, 33.7193, 35.3493, 36.978, 39.1399, 41.3532, 43.5879, 45.8139, 47.3354
6, -80.8613, -71.7137, -63.0582, -55.9066, -49.7504, -44.5902, -39.9198, -36.2484, -33.0698, -29.8773, -27.6875, -25.4853, -23.7792, -22.0615, -20.3327, -19.1003, -17.8568, -16.6021, -15.3364, -14.5656, -13.2776, -12.4832, -11.6766, -10.8575, -10.5281, -9.68238, -8.8237, -8.45044, -7.5635, -7.15849, -6.24241, -5.80369, -4.85798, -4.38386, -3.89012, -3.37602, -2.84086, -1.8133, -1.23856, -0.641292, -0.020918, 0.623109, 1.29123, 1.98385, 2.70127, 3.03029, 3.80878, 4.61326, 5.44357, 6.29935, 6.83173, 7.75342, 8.69941, 9.37531, 10.3869, 11.4194, 12.2472, 13.34, 14.2803, 15.4271, 16.4795, 17.6064, 18.8304, 20.0624, 21.3657, 22.6342, 24.0219, 25.469, 26.9697, 28.517, 30.1028, 31.7177, 33.7992, 35.4822, 37.7074, 39.3976, 41.6783, 43.9699, 46.2412, ###
7, -81.8531, -74.2084, -66.551, -59.8955, -54.2403, -49.076, -44.4032, -40.7321, -37.0452, -33.8529, -31.6654, -28.9553, -27.2512, -25.0255, -23.2972, -22.066, -20.823, -19.0598, -18.3014, -17.023, -15.733, -14.9376, -14.1293, -13.3079, -12.4732, -11.6249, -10.7628, -9.887, -9.49567, -8.58981, -8.16458, -7.22772, -6.76644, -5.79801, -5.29882, -4.77853, -4.23633, -3.19934, -2.61555, -2.00811, -1.37632, -0.719554, -0.0372076, 0.671206, 1.40612, 2.16783, 2.95655, 3.77229, 4.2383, 5.12238, 6.03377, 6.97174, 7.93528, 8.63433, 9.66673, 10.4799, 11.5794, 12.6976, 13.6738, 14.8492, 15.9433, 17.1158, 18.3727, 19.6555, 21.0131, 22.3162, 23.7614, 25.268, 26.8294, 28.4378, 30.0839, 31.7578, 33.9297, 35.6653, 37.9719, 39.7033, 42.0489, 44.3935, 46.7055, ###
8, -82.8498, -75.6939, -69.0381, -62.8789, -57.725, -52.5539, -48.3873, -44.204, -41.0265, -37.8336, -35.1371, -32.4266, -30.2136, -28.4986, -26.7708, -25.0304, -23.2777, -22.0231, -20.756, -19.4765, -18.1847, -17.3887, -16.0716, -15.2488, -14.4121, -13.5613, -12.696, -11.8161, -11.4222, -10.5107, -9.58418, -9.13691, -8.17733, -7.69141, -6.6981, -6.17143, -5.62198, -4.5753, -3.98218, -3.36422, -2.72063, -2.05063, -1.35354, -0.628676, 0.124496, 0.906444, 1.71745, 2.55771, 3.42718, 4.32565, 5.25268, 6.20759, 6.88436, 7.91294, 8.96699, 9.80991, 10.9346, 12.0793, 13.0934, 14.2986, 15.4367, 16.6573, 17.9482, 19.2846, 20.6993, 22.0379, 23.5432, 25.1117, 26.7361, 28.4074, 30.1154, 31.8489, 34.1127, 35.9003, 38.2873, 40.0575, 42.4645, 45.5794, ###, ###
9, -83.8517, -77.1864, -71.5366, -65.8746, -60.7104, -56.0428, -51.3587, -47.6833, -43.9918, -41.31, -38.1005, -35.9019, -33.1765, -31.4626, -29.2229, -27.4825, -26.2413, -24.475, -23.2077, -21.9272, -20.6337, -19.3272, -18.517, -17.1839, -16.3453, -15.4919, -14.6234, -13.7396, -12.8403, -11.9254, -11.4931, -10.5439, -9.57895, -9.08805, -8.08773, -7.55445, -6.99749, -5.94083, -5.33801, -4.70913, -4.05326, -2.91949, -2.21467, -1.48127, -0.718629, 0.0737376, 0.896244, 1.7491, 2.63239, 3.54593, 4.1497, 5.14124, 6.16253, 7.21228, 8.28892, 9.16336, 10.3144, 11.3204, 12.5409, 13.777, 14.9617, 16.2331, 17.5594, 18.9523, 20.427, 21.8021, 23.3702, 25.0032, 26.6927, 28.4286, 30.1996, 31.9933, 34.3501, 36.1883, 38.6539, 41.1546, 43.6507, 46.1051, ###, ###
10, -84.3453, -78.6866, -73.02, -67.8566, -63.1942, -58.5171, -54.3386, -50.6586, -46.9627, -44.28, -41.0676, -38.8691, -36.1416, -33.9144, -32.1876, -30.447, -28.6926, -26.9249, -25.6574, -24.3761, -23.081, -21.7721, -20.4495, -19.6238, -18.273, -17.4171, -16.5455, -15.6578, -14.7537, -13.8331, -12.8958, -11.9418, -11.466, -10.4751, -9.46747, -8.92731, -8.36251, -7.2955, -6.68258, -5.57808, -4.91544, -4.22416, -3.50331, -2.75203, -1.96949, -1.15503, -0.308113, 0.571675, 1.48453, 2.4304, 3.40899, 4.41971, 5.46167, 6.53361, 7.38859, 8.5418, 9.72038, 10.7665, 12.0183, 13.2056, 14.5207, 15.846, 17.2089, 18.6613, 20.1993, 21.6116, 23.2455, 24.9454, 26.7021, 28.5042, 30.3391, 32.1932, 34.6433, 36.5303, 39.0719, 41.6355, 44.1795, ###, ###, ###
11, -84.8415, -79.6794, -74.5105, -69.8477, -65.1729, -61.0005, -56.8135, -53.1273, -49.9417, -46.7407, -44.0405, -41.3252, -39.1114, -36.8828, -34.6398, -32.8987, -31.1435, -29.3741, -27.591, -26.309, -25.0127, -23.7021, -22.3771, -21.5502, -20.1957, -19.3374, -18.4626, -17.0631, -16.1558, -15.2313, -14.2896, -13.8298, -12.85, -11.8523, -11.3271, -10.2897, -9.23489, -8.6389, -8.01542, -6.89757, -6.22151, -5.51517, -4.3355, -3.57438, -2.78104, -1.95465, -1.09461, -0.200425, 0.728158, 1.6912, 2.68844, 3.71935, 4.78304, 5.61506, 6.76625, 7.94685, 9.1543, 10.2431, 11.5276, 12.765, 14.1161, 15.4985, 16.8995, 18.4148, 20.0193, 21.4697, 23.1721, 24.9416, 26.7674, 28.637, 30.5363, 33.0381, 34.9934, 37.6195, 39.5412, 42.937, 45.5392, ###, ###, ###
12, -85.3404, -80.6777, -75.4911, -71.3312, -67.1605, -62.9771, -59.2978, -55.6039, -52.413, -49.2068, -46.5035, -43.7849, -41.5695, -39.339, -37.0937, -34.8338, -33.0773, -31.3064, -30.0382, -28.2383, -26.9406, -25.628, -24.3005, -23.4725, -22.114, -21.2532, -19.8637, -18.9691, -18.0569, -17.1265, -16.1777, -15.2104, -14.2243, -13.2196, -12.6878, -11.6414, -10.5764, -9.97063, -8.86362, -8.20416, -7.51395, -6.34068, -5.59328, -4.81243, -3.99705, -2.73754, -1.86358, -0.954161, -0.00890657, 0.972274, 1.98922, 3.04141, 3.84734, 4.9925, 6.17093, 7.38037, 8.61816, 9.75239, 11.0713, 12.362, 13.7507, 15.1937, 16.6341, 18.2158, 19.8904, 21.3797, 23.1534, 24.9948, 26.8916, 28.8296, 30.7934, 33.395, 35.4014, 38.107, 40.8341, 43.5347, ###, ###, ###, ###
13, -85.8424, -81.1623, -76.9963, -72.3025, -68.6382, -64.4424, -60.7533, -57.5702, -54.3727, -51.1601, -48.4525, -46.2499, -43.5118, -41.2787, -39.0306, -37.2875, -35.5293, -33.756, -31.9677, -30.6837, -28.8655, -27.5507, -26.2204, -24.8745, -24.0285, -22.6503, -21.7697, -20.3592, -19.4432, -18.5085, -17.5547, -16.5816, -15.5889, -14.5767, -14.038, -12.982, -11.9064, -11.2902, -10.1699, -9.49719, -8.3326, -7.60079, -6.83461, -5.60143, -4.77346, -3.90873, -3.00629, -2.06537, -1.08543, -0.0661956, 0.992325, 2.08972, 3.22512, 4.39731, 5.60447, 6.84432, 7.96576, 9.29683, 10.6518, 11.9993, 13.4274, 14.9348, 16.4161, 18.068, 19.8162, 21.3449, 23.1929, 25.1083, 27.0775, 29.0845, 31.1123, 33.813, 35.8676, 38.6483, 41.4331, 45.0127, ###, ###, ###, ###
14, -85.8258, -81.6491, -77.4672, -73.7998, -69.6012, -66.4354, -62.7354, -59.544, -56.3385, -53.6406, -50.4054, -48.1996, -45.4562, -43.2198, -41.4903, -39.2232, -37.4628, -35.687, -33.8958, -32.6105, -30.7882, -29.471, -28.1376, -26.7879, -25.422, -24.5563, -23.1566, -22.2545, -20.8212, -19.8818, -18.9226, -17.9433, -16.9436, -15.9234, -14.8826, -14.3112, -13.2243, -12.1171, -11.4628, -10.3089, -9.59422, -8.39436, -7.61683, -6.80241, -5.53212, -4.6526, -3.73391, -2.7752, -1.77582, -0.735389, 0.346129, 1.46836, 2.63052, 3.83132, 5.06889, 6.34085, 7.51116, 8.87903, 10.272, 11.6802, 13.1493, 14.7253, 16.249, 17.9749, 19.8004, 21.369, 23.2939, 25.2855, 27.3281, 29.404, 32.1625, 34.2928, 37.1691, 40.0665, 42.929, 44.8487, ###, ###, ###, ###
15, -86.3323, -82.1384, -78.4636, -74.7821, -71.0919, -67.3913, -64.2031, -61.0021, -58.3119, -55.0829, -52.3636, -50.1537, -47.4041, -45.1635, -43.4319, -41.1601, -39.3971, -37.6182, -35.8235, -34.0131, -32.7096, -31.3897, -30.0528, -28.6991, -27.3282, -25.9405, -25.0533, -23.6302, -22.7045, -21.2464, -20.2814, -19.2954, -18.2882, -17.2595, -16.2092, -15.6287, -14.5298, -13.4092, -12.2676, -11.5713, -10.3809, -9.61991, -8.82115, -7.55415, -6.68659, -5.77791, -4.44076, -3.46305, -2.44292, -1.37989, -0.273883, 0.874815, 2.0654, 3.29657, 4.5664, 5.71927, 7.09513, 8.50185, 9.93476, 11.4079, 12.92, 14.5689, 16.1364, 17.9405, 19.8472, 21.4558, 23.4602, 25.5294, 27.6459, 30.452, 32.6543, 34.8344, 37.788, 40.7423, 44.5308, ###, ###, ###, ###, ###
16, -86.3163, -82.6304, -78.9402, -75.7698, -72.065, -68.8768, -65.6774, -62.4657, -59.7674, -57.0552, -54.3284, -51.5868, -49.3566, -47.1111, -44.8499, -43.0995, -41.3333, -39.5507, -37.7519, -35.9368, -34.6309, -32.7828, -31.4428, -30.0853, -28.7103, -27.3179, -26.4272, -24.9982, -24.0678, -23.1162, -21.631, -20.6379, -19.6226, -18.5847, -17.5241, -16.4409, -15.8222, -14.6874, -13.5301, -12.8177, -11.6081, -10.3781, -9.56588, -8.71271, -7.40357, -6.47736, -5.50698, -4.4912, -3.08529, -1.99813, -0.865967, 0.310948, 1.53184, 2.79534, 4.09946, 5.30515, 6.7207, 8.16848, 9.6435, 11.1861, 12.7432, 14.4696, 16.0825, 17.9689, 19.9604, 21.6091, 23.6951, 25.8432, 28.0335, 30.9538, 33.2119, 36.2656, 39.3394, 42.3685, 45.2976, ###, ###, ###, ###, ###
17, -86.8281, -83.1255, -79.4188, -76.2347, -73.043, -69.842, -66.6303, -63.9356, -61.2283, -58.5073, -55.7721, -53.5514, -50.7862, -49.064, -46.7967, -44.5136, -42.7433, -40.9566, -39.1534, -37.3338, -36.0248, -34.6984, -32.8277, -31.4661, -30.0864, -29.2117, -27.7942, -26.3587, -25.423, -24.4654, -22.9715, -21.9706, -20.9465, -19.8988, -18.8273, -17.7317, -16.6123, -15.4692, -14.7769, -13.5793, -12.3593, -11.5645, -10.2916, -9.42237, -8.50876, -7.15443, -6.16336, -5.12488, -4.03786, -2.90148, -1.42818, -0.221093, 1.03215, 2.13686, 3.51406, 4.93344, 6.39113, 7.88242, 9.43006, 11.0189, 12.6231, 14.4319, 16.0916, 18.0645, 20.1445, 22.3175, 24.5653, 26.8657, 29.1943, 31.5255, 34.674, 36.9679, 41.0295, 44.099, ###, ###, ###, ###, ###, ###
18, -86.8129, -83.6238, -80.4309, -77.2323, -74.0264, -70.8116, -68.118, -64.8814, -62.1639, -59.9649, -57.22, -54.9924, -52.7498, -50.4915, -48.2174, -46.459, -44.1526, -42.3611, -40.5529, -39.2581, -37.4154, -36.0852, -34.7366, -33.3694, -31.9833, -30.5783, -29.1543, -27.7117, -26.7703, -25.2883, -24.3026, -23.2934, -22.2598, -21.2015, -20.1181, -19.0093, -17.8751, -16.7158, -15.5317, -14.7894, -13.5476, -12.283, -11.4302, -10.1107, -9.17794, -8.19697, -6.79439, -5.73148, -4.6178, -3.45238, -2.23476, -0.965084, 0.35596, 1.72681, 3.14512, 4.60762, 6.11013, 7.6475, 9.27215, 10.9106, 12.5639, 14.4605, 16.1681, 18.2318, 20.4036, 22.667, 25.0007, 27.38, 29.7779, 32.1672, 35.4044, 38.6599, 42.8355, 44.9397, ###, ###, ###, ###, ###, ###
19, -86.7968, -83.5918, -80.917, -77.7029, -74.4819, -71.7862, -69.0808, -66.3644, -63.6358, -60.8942, -58.6732, -56.4379, -54.1875, -51.9215, -49.6397, -47.8762, -46.096, -43.7648, -42.4842, -40.6523, -38.8032, -37.4685, -36.1151, -34.7426, -33.3506, -31.9391, -30.508, -29.0574, -28.1097, -26.6182, -25.6244, -24.606, -23.0521, -21.9862, -20.8946, -19.777, -18.6335, -17.946, -16.7426, -15.5133, -14.2591, -13.4244, -12.1109, -11.1929, -9.82292, -8.81916, -7.76291, -6.30915, -5.16667, -3.96995, -2.71842, -1.41216, -0.0519207, 1.36063, 2.82296, 4.33153, 5.88172, 7.46796, 9.17552, 10.8661, 12.7972, 14.5602, 16.6853, 18.4753, 20.742, 23.0971, 25.5166, 27.9726, 30.4359, 33.7709, 37.1512, 40.4929, 44.7292, ###, ###, ###, ###, ###, ###, ###
20, -87.3166, -84.0947, -80.8694, -78.1756, -75.4751, -72.7665, -70.0484, -67.3195, -64.5788, -62.3625, -59.5954, -57.3512, -55.0922, -53.355, -51.0645, -49.295, -46.9717, -45.1683, -43.8839, -42.0451, -40.1887, -38.849, -37.4901, -36.1116, -34.1813, -33.2942, -31.8552, -30.396, -29.4414, -27.9394, -26.9368, -25.3926, -24.3409, -23.2625, -22.157, -21.0241, -19.8635, -18.6753, -17.4599, -16.2178, -15.4026, -14.0976, -13.1965, -11.8296, -10.8383, -9.41361, -8.33021, -7.18976, -5.68216, -4.4516, -3.16345, -1.81774, -0.415299, 1.04208, 2.55163, 4.1094, 5.71039, 7.34844, 9.14531, 10.8904, 12.9202, 14.7363, 16.9635, 18.7998, 21.1637, 23.6113, 26.1151, 28.6444, 32.0679, 35.5691, 39.0547, 43.4849, ###, ###, ###, ###, ###, ###, ###, ###
21, -87.3017, -84.6017, -81.3588, -78.6505, -75.9358, -73.2131, -70.4813, -68.2789, -65.525, -63.2987, -61.059, -58.8052, -56.5365, -54.2524, -52.4926, -50.1763, -48.383, -46.5725, -44.7444, -43.4371, -41.5725, -40.2271, -38.3255, -36.941, -35.5363, -34.1111, -33.1963, -31.7275, -30.2381, -29.2518, -27.7183, -26.6817, -25.6179, -24.0179, -22.9024, -21.7587, -20.5866, -19.3862, -18.6298, -17.3631, -16.0686, -15.1861, -13.8251, -12.44, -11.4233, -9.97836, -8.86543, -7.69259, -6.45783, -4.8944, -3.56662, -2.17829, -0.730315, 0.775335, 2.33555, 3.94602, 5.60115, 7.40611, 9.18717, 10.9893, 13.1242, 14.9943, 17.328, 19.7863, 21.6725, 24.212, 26.7975, 30.2973, 32.922, 36.4947, 41.0855, 44.4659, ###, ###, ###, ###, ###, ###, ###, ###
22, -87.286, -84.5704, -81.8515, -79.1279, -76.398, -74.2034, -71.4568, -68.7001, -66.475, -64.2378, -61.9873, -59.7228, -57.4436, -55.6923, -53.3817, -51.5977, -49.7967, -47.9781, -46.1417, -44.2872, -42.9552, -41.6035, -39.6917, -38.2997, -36.8868, -35.4527, -33.9974, -33.0521, -31.5511, -30.0292, -29.0084, -27.9599, -26.3677, -25.2653, -24.1334, -22.9716, -21.7795, -20.5569, -19.3042, -18.0219, -17.1595, -15.8067, -14.4268, -13.4244, -11.9778, -10.8729, -9.36601, -8.15791, -6.88457, -5.29505, -3.92431, -2.48983, -0.992611, 0.565075, 2.17981, 3.84668, 5.55945, 7.46507, 9.30715, 11.1686, 13.4149, 15.3398, 17.7841, 20.3501, 23.009, 25.7261, 28.4628, 31.1804, 34.8794, 39.658, 44.3172, ###, ###, ###, ###, ###, ###, ###, ###, ###
23, -87.8155, -85.0834, -82.3481, -79.6081, -76.8621, -74.6548, -71.8925, -69.6665, -67.4295, -65.1803, -62.9181, -60.642, -58.8979, -56.5915, -54.8158, -52.4771, -50.6676, -48.8404, -47.5404, -45.6761, -44.3375, -42.4348, -41.0556, -39.6553, -38.2334, -36.7894, -35.3234, -33.8351, -32.3251, -31.3206, -29.7636, -28.7049, -27.6169, -25.9882, -24.844, -23.6689, -22.4626, -21.225, -19.9563, -19.115, -17.7724, -16.4, -14.9997, -13.9688, -12.4993, -11.361, -9.82902, -8.58245, -7.26704, -5.88101, -4.23236, -2.74777, -1.19728, 0.41662, 2.08995, 3.81723, 5.72873, 7.60585, 9.51183, 11.4348, 13.7989, 16.3262, 18.3366, 21.0111, 23.7684, 26.5693, 29.3722, 33.1895, 37.0146, 41.8795, ###, ###, ###, ###, ###, ###, ###, ###, ###, ###
24, -87.8014, -85.0518, -82.2991, -80.0915, -77.3283, -75.1075, -72.8781, -70.6391, -68.389, -66.127, -63.852, -61.5631, -59.8098, -57.4908, -55.7058, -53.9041, -52.0849, -50.2477, -48.3922, -47.0662, -45.1721, -43.8057, -41.8722, -40.4636, -39.033, -37.58, -36.1045, -35.1426, -33.6187, -32.0723, -31.0294, -29.4346, -28.3345, -27.2031, -26.0393, -24.8426, -23.6125, -22.3486, -21.051, -19.7204, -18.3575, -16.9639, -15.9486, -14.4793, -13.3506, -11.8101, -10.5642, -8.96248, -7.60104, -6.16495, -4.65317, -2.94704, -1.33874, 0.335884, 2.0723, 3.86421, 5.88987, 7.83569, 9.80826, 12.2302, 14.2823, 16.9337, 18.9898, 21.7721, 24.6238, 28.5109, 31.426, 35.3978, 40.4761, 44.1625, ###, ###, ###, ###, ###, ###, ###, ###, ###, ###
25, -87.7866, -85.0183, -82.8005, -80.5782, -77.7968, -75.5615, -73.3179, -71.0646, -68.8005, -66.5246, -64.7895, -62.4868, -60.7234, -58.3907, -56.5955, -54.7834, -52.9537, -51.106, -49.2399, -47.906, -46.0009, -44.6259, -43.2292, -41.8103, -40.3686, -38.9036, -37.4151, -35.9031, -34.3679, -33.3411, -31.7554, -30.67, -29.0347, -27.889, -26.7101, -25.497, -24.2493, -22.9667, -21.6493, -20.2976, -18.9126, -17.9147, -16.4483, -14.9528, -13.7859, -12.2166, -10.9262, -9.29373, -7.88185, -6.39089, -4.81986, -3.08177, -1.41074, 0.329586, 2.13386, 4.16406, 6.14453, 8.16237, 10.2038, 12.7595, 14.8714, 17.6495, 20.5563, 23.5489, 26.5777, 29.5915, 33.7026, 38.9943, 44.0863, ###, ###, ###, ###, ###, ###, ###, ###, ###, ###, ###
26, -87.7708, -85.5402, -82.7494, -80.5115, -78.2679, -76.0173, -73.7583, -71.4899, -69.7683, -67.4773, -65.1735, -63.4136, -61.0816, -59.2915, -57.4851, -55.6617, -53.8206, -51.9613, -50.6389, -48.7408, -47.3776, -45.4392, -44.0328, -42.6036, -41.1511, -39.675, -38.1749, -36.6509, -35.6404, -34.0644, -32.9944, -31.366, -30.2335, -28.5549, -27.3592, -26.1281, -24.8611, -23.558, -22.2189, -20.8442, -19.435, -18.4039, -16.9098, -15.3859, -14.1768, -12.5762, -11.2369, -9.81367, -8.10396, -6.55276, -4.91678, -3.19663, -1.40613, 0.405208, 2.43343, 4.44303, 6.50126, 8.5941, 10.7062, 13.4022, 16.2838, 18.4781, 21.5001, 24.5889, 28.8201, 31.9296, 36.1633, 42.7735, ###, ###, ###, ###, ###, ###, ###, ###, ###, ###, ###, ###
27, -87.7541, -85.5067, -83.2565, -81.0021, -78.742, -76.4749, -74.1996, -72.4766, -70.1812, -67.8741, -66.1159, -63.7825, -61.9958, -60.1936, -58.375, -56.5393, -54.6857, -52.8137, -51.482, -49.5708, -48.1975, -46.8022, -44.8282, -43.3877, -41.9235, -40.4351, -38.9222, -37.9283, -36.3621, -34.7716, -33.6872, -32.0432, -30.8944, -29.7097, -27.9849, -26.734, -25.4459, -24.1203, -22.7572, -21.3573, -20.344, -18.8537, -17.3295, -16.1289, -14.5187, -12.8842, -11.4906, -10.0077, -8.26104, -6.64356, -4.93628, -3.14021, -1.25851, 0.703091, 2.73617, 4.82948, 6.96921, 9.1395, 11.9107, 14.1648, 17.1868, 20.3474, 23.5916, 26.8569, 30.0811, 34.478, 41.383, 45.3138, ###, ###, ###, ###, ###, ###, ###, ###, ###, ###, ###, ###
28, -87.7363, -85.4712, -83.2033, -81.4971, -79.2194, -76.9347, -74.642, -72.9059, -70.5931, -68.8348, -66.4976, -64.7127, -62.913, -61.0977, -59.2657, -57.4164, -55.5491, -53.6632, -52.3213, -50.3957, -49.0113, -47.6045, -45.6153, -44.1624, -42.6851, -41.1832, -40.2057, -38.6496, -37.068, -35.4615, -34.3614, -33.226, -31.5332, -30.3291, -29.0863, -27.8039, -26.0011, -24.6506, -23.2613, -22.267, -20.7823, -19.26, -17.7027, -16.453, -14.8062, -13.4074, -11.6812, -10.132, -8.34582, -6.65525, -4.86955, -2.99036, -1.0218, 1.029, 3.15191, 5.3336, 7.55808, 9.80728, 12.7374, 15.0531, 18.2146, 21.4957, 24.8336, 29.4193, 34.0501, 39.9104, 45.3695, ###, ###, ###, ###, ###, ###, ###, ###, ###, ###, ###, ###, ###
29, -88.288, -86.004, -83.7172, -81.4262, -79.1298, -77.3971, -75.0856, -73.3355, -71.0041, -69.2317, -67.4466, -65.6477, -63.2633, -61.4338, -60.1577, -58.2936, -56.4112, -54.51, -53.157, -51.2155, -49.819, -48.3995, -46.3935, -44.9268, -43.4353, -41.9185, -40.9279, -39.3553, -37.7567, -36.6713, -35.0151, -33.8608, -32.1481, -30.9224, -29.6564, -28.3489, -26.9992, -25.6067, -24.1715, -22.6939, -21.1754, -19.618, -18.0244, -16.7198, -15.0329, -13.5696, -11.801, -10.1782, -8.34984, -6.57849, -4.70648, -2.73629, -0.673324, 1.47356, 3.69198, 5.96621, 8.2777, 11.2931, 13.6999, 16.9921, 20.4277, 23.9359, 27.4393, 32.2321, 36.9269, 45.4608, ###, ###, ###, ###, ###, ###, ###, ###, ###, ###, ###, ###, ###, ###
30, -88.2729, -85.9688, -83.6619, -81.9265, -79.6099, -77.8622, -75.5307, -73.7656, -71.4142, -69.6267, -67.8264, -66.0122, -64.1831, -62.338, -60.476, -58.5965, -57.2721, -55.3542, -53.989, -52.03, -50.6202, -49.1868, -47.1622, -45.6805, -44.1733, -43.1985, -41.6349, -40.0442, -38.4269, -37.3232, -35.6467, -34.4712, -32.7367, -31.487, -30.1952, -28.86, -27.4805, -26.0562, -24.5872, -23.074, -21.5182, -19.922, -18.2885, -16.9223, -15.1916, -13.6559, -11.8414, -10.1364, -8.26324, -6.40258, -4.43551, -2.36576, -0.200455, 2.04931, 4.36848, 6.73843, 9.83549, 12.3327, 15.7571, 18.2446, 21.8012, 25.3938, 30.3312, 36.7038, 45.589, ###, ###, ###, ###, ###, ###, ###, ###, ###, ###, ###, ###, ###, ###, ###
